{
    "contactInformation": {
        "name": "Kumar Pallav",
        "email": "me@kumarpallav.com",
        "phoneNumber": "+1-206-910-0006",
        "websitePortfolio": "http://kumarpallav.com"
    },
    "education": {
        "institutionName": "Indian Institute of Technology, Bombay",
        "degree": "Bachelor of Computer Science and Engineering (with Hons.)",
        "fieldOfStudy": "Computer Science and Engineering",
        "graduationDates": "Jun 2010 - May 2014"
    },
    "experience": [
        {
            "jobTitle": "Software Engineer \u00b7 OneNote",
            "companyName": "Microsoft",
            "location": "Redmond, WA",
            "datesOfEmployment": "Jun 2016 - Present",
            "responsibilitiesProjects": [
                "Magic Ink and Ink Lookup: Worked on recognizing ink strokes into words (using onboard IA) and recognizing keywords/entities given the context (using custom entity recognition service). Implemented accumulation of images or interactive widgets (from various online sources) related to the keyword, which could be inserted onto the Whiteboard canvas.",
                "Whiteboard App: Implemented sharing experience for the new collaboration focused Whiteboard app. Worked on creating and joining a shared session via OneDrive for Business storage. Also added new XAML components to handle dialogs within the app.",
                "Content Addins: Implemented content addins, for OneNote desktop app, as small embedded web apps that would get hosted within managed WebView controls. Created their persistence model and rendering on the desktop application."
            ]
        },
        {
            "jobTitle": "Software Engineer \u00b7 OneNote",
            "companyName": "Microsoft",
            "location": "Vancouver, Canada",
            "datesOfEmployment": "Nov 2014 - May 2016",
            "responsibilitiesProjects": [
                "Embedded Videos and Web Content: Worked on adding ability on OneNote to host web content, making sure it is backwards compatible. Implemented features to make handling and editing web content on the OneNote page easier.",
                "Merged Cells for Tables: Added support for spanned cells for tables in OneNote, keeping in mind backwards compatibility. Implemented these capabilities in OneNote web app.",
                "Realtime Ink: As a ramp up project, prototyped ink collaboration using SignalR web-sockets. Worked on experimenting load and delay with multiple inputs in realtime."
            ]
        },
        {
            "jobTitle": "Software Engineering Intern \u00b7 Apps for Enterprises",
            "companyName": "Oracle",
            "location": "Bangalore, India",
            "datesOfEmployment": "Nov 2014 - May 2016",
            "responsibilitiesProjects": [
                "Containerization of iOS Apps: Worked on sand-boxing of enterprise applications (containerization) which enable them to be installed on employee\u2019s iOS devices without worrying about security issues. Implemented wrapping of library function calls using swizzling, objective-c backend, linker \ufb02ags and dynamic library injection.",
                "Sandboxed Browser App: Built a demo browser application for iOS. Containerized the app using the custom script, so that it only works for certain urls."
            ]
        }
    ],
    "projects": [
        {
            "projectTitle": "Course Allotment Simulation using SAT Solver",
            "descriptionTechnologiesUsed": "Solving real-world problem of finding a best course allocation under various constraints as a SAT (Satisfiability) problem and infer effects of different policies on course allotment and choices. Studied relative efficiency of various heuristics modeled on different solvers like MiniSAT and Glucose.",
            "outcomesResults": ""
        },
        {
            "projectTitle": "IIT Bombay Hospital Digitization",
            "descriptionTechnologiesUsed": "Created a complete web application in Java that could handle operations on relational MySQL databases to handle various processes of the university hospital.",
            "outcomesResults": ""
        },
        {
            "projectTitle": "Simple 2D Physics Engine",
            "descriptionTechnologiesUsed": "Wrote a physics engine for simple round bodies providing a back-end that could generate coordinates in real-time with collision, gravity, restitution and custom resolution of time.",
            "outcomesResults": ""
        },
        {
            "projectTitle": "Social Sea",
            "descriptionTechnologiesUsed": "Create a lightweight social search engine that shows the results ranked (using page-ranking) according to one\u2019s peer-group search history and rating.",
            "outcomesResults": ""
        }
    ],
    "skills": {
        "programmingLanguages": [
            "C++",
            "Java"
        ],
        "developmentSkills": []
    }
}